{"cameraMode":{"drawMode":0,"name":"Shaded","section":"Shading Mode"},"sceneLighting":true,"audioPlay":false,"sceneViewState":{"showFog":true,"showMaterialUpdate":false,"showSkybox":true,"showFlares":true,"showImageEffects":true,"showParticleSystems":true},"in2DMode":false,"pivot":{"x":-1.32140052318573,"y":0.5510625839233398,"z":-0.32960450649261477},"rotation":{"x":0.12593379616737367,"y":0.5191271305084229,"z":-0.07766202092170716,"w":0.8417958617210388},"size":2.067336320877075,"orthographic":false}