{"cameraMode":{"drawMode":0,"name":"Shaded","section":"Shading Mode"},"sceneLighting":true,"audioPlay":false,"sceneViewState":{"showFog":true,"showMaterialUpdate":false,"showSkybox":true,"showFlares":true,"showImageEffects":true,"showParticleSystems":true},"in2DMode":false,"pivot":{"x":35.440921783447269,"y":-408.22503662109377,"z":456.73773193359377},"rotation":{"x":0.3746190369129181,"y":0.05226724594831467,"z":-0.02113083377480507,"w":0.9255436658859253},"size":392.2978515625,"orthographic":false}