{"cameraMode":{"drawMode":0,"name":"Shaded","section":"Shading Mode"},"sceneLighting":true,"audioPlay":false,"sceneViewState":{"showFog":true,"showMaterialUpdate":false,"showSkybox":true,"showFlares":true,"showImageEffects":true,"showParticleSystems":true},"in2DMode":false,"pivot":{"x":15.621119499206543,"y":-85.17166900634766,"z":103.32112884521485},"rotation":{"x":0.676790177822113,"y":-0.0022084848023951055,"z":0.0020302769262343647,"w":0.7361699938774109},"size":132.1893310546875,"orthographic":false}