{"cameraMode":{"drawMode":0,"name":"Shaded","section":"Shading Mode"},"sceneLighting":true,"audioPlay":false,"sceneViewState":{"showFog":true,"showMaterialUpdate":false,"showSkybox":true,"showFlares":true,"showImageEffects":true,"showParticleSystems":true},"in2DMode":false,"pivot":{"x":-11.49343490600586,"y":-87.21214294433594,"z":76.37617492675781},"rotation":{"x":0.6656627655029297,"y":0.004477460868656635,"z":-0.003994137514382601,"w":0.7462288737297058},"size":118.55210876464844,"orthographic":false}