{"cameraMode":{"drawMode":0,"name":"Shaded","section":"Shading Mode"},"sceneLighting":true,"audioPlay":false,"sceneViewState":{"showFog":true,"showMaterialUpdate":false,"showSkybox":true,"showFlares":true,"showImageEffects":true,"showParticleSystems":true},"in2DMode":false,"pivot":{"x":14.521730422973633,"y":1.4552531242370606,"z":31.154529571533204},"rotation":{"x":0.009872158989310265,"y":0.7718425989151001,"z":-0.012864712625741959,"w":0.6357844471931458},"size":32.240787506103519,"orthographic":false}