{"cameraMode":{"drawMode":0,"name":"Shaded","section":"Shading Mode"},"sceneLighting":true,"audioPlay":false,"sceneViewState":{"showFog":true,"showMaterialUpdate":false,"showSkybox":true,"showFlares":true,"showImageEffects":true,"showParticleSystems":true},"in2DMode":false,"pivot":{"x":-81.23260498046875,"y":43.48411560058594,"z":-7.235382556915283},"rotation":{"x":0.0724259540438652,"y":0.8817673325538635,"z":-0.14546865224838258,"w":0.443067729473114},"size":92.40302276611328,"orthographic":false}