{"cameraMode":{"drawMode":0,"name":"Shaded","section":"Shading Mode"},"sceneLighting":true,"audioPlay":false,"sceneViewState":{"showFog":true,"showMaterialUpdate":false,"showSkybox":true,"showFlares":true,"showImageEffects":true,"showParticleSystems":true},"in2DMode":false,"pivot":{"x":0.0004291548393666744,"y":0.391808420419693,"z":0.020010165870189668},"rotation":{"x":0.6006494164466858,"y":-0.011991591192781926,"z":0.009009748697280884,"w":0.7993740439414978},"size":0.39231929183006289,"orthographic":true}