{"cameraMode":{"drawMode":0,"name":"Shaded","section":"Shading Mode"},"sceneLighting":false,"audioPlay":false,"sceneViewState":{"showFog":true,"showMaterialUpdate":false,"showSkybox":false,"showFlares":true,"showImageEffects":true,"showParticleSystems":true},"in2DMode":false,"pivot":{"x":-20.468059539794923,"y":-4.871743679046631,"z":182.66000366210938},"rotation":{"x":0.6006494164466858,"y":-0.011991591192781926,"z":0.009009748697280884,"w":0.7993740439414978},"size":3.38737154006958,"orthographic":true}