{"cameraMode":{"drawMode":0,"name":"Shaded","section":"Shading Mode"},"sceneLighting":true,"audioPlay":false,"sceneViewState":{"showFog":true,"showMaterialUpdate":false,"showSkybox":true,"showFlares":true,"showImageEffects":true,"showParticleSystems":true},"in2DMode":false,"pivot":{"x":12.825172424316407,"y":29.943750381469728,"z":85.41793823242188},"rotation":{"x":0.6006494164466858,"y":-0.011991591192781926,"z":0.009009748697280884,"w":0.7993740439414978},"size":133.0198974609375,"orthographic":true}