{"cameraMode":{"drawMode":0,"name":"Shaded","section":"Shading Mode"},"sceneLighting":true,"audioPlay":false,"sceneViewState":{"showFog":true,"showMaterialUpdate":false,"showSkybox":true,"showFlares":true,"showImageEffects":true,"showParticleSystems":true},"in2DMode":false,"pivot":{"x":12.947709083557129,"y":-1.6939606666564942,"z":-22.02960205078125},"rotation":{"x":0.03518518805503845,"y":0.922805666923523,"z":-0.08691282570362091,"w":0.3738037049770355},"size":14.840926170349121,"orthographic":false}