{"cameraMode":{"drawMode":0,"name":"Shaded","section":"Shading Mode"},"sceneLighting":true,"audioPlay":false,"sceneViewState":{"showFog":true,"showMaterialUpdate":false,"showSkybox":true,"showFlares":true,"showImageEffects":true,"showParticleSystems":true},"in2DMode":false,"pivot":{"x":332.54962158203127,"y":207.46844482421876,"z":15.203984260559082},"rotation":{"x":0.035092901438474658,"y":-0.0008874023915268481,"z":0.00003818141340161674,"w":0.9994206428527832},"size":240.10545349121095,"orthographic":false}